from,to
HT,VG
HT,ZBM
HT,TB
HT,HTO
VG,BTL
BTL,BET
BTL,OT
BET,EHS
EHS,EHV
EHV,GP
ZBM,GDM
GDM,CL
GDM,TPSW
GDM,BSD
CL,HTNC
HTNC,HTN
HTN,UTLN
UTLN,UTVR
UTVR,UT
UTVR,BNK
UT,UTO
UT,UTZL
UT,UTLR
UT,DB
UTO,HOR
UTO,BHV
HOR,HVSP
HVSP,HVS
HVS,HVSM
HVS,BRN
HVSM,BSMZ
BSMZ,NDB
NDB,AMPO
NDB,WP
AMPO,ALMM
AMPO,WP
ALMM,ALM
ALM,ALMP
UTZL,MAS
MAS,BKL
BKL,AC
BKL,WD
AC,ASHD
ASHD,ASB
ASB,DVD
DVD,ASA
DVD,DMNZ
DVD,RAI
ASA,ASDM
ASDM,ASD
ASDM,ASSP
ASD,ASS
ASD,SHL
BHV,DLD
DLD,AMF
AMF,APD
AMF,BRN
AMF,HVL
AMF,AMFS
TB,TBU
TB,OT
TBU,TBR
TBR,GZ
GZ,BD
BD,BDPB
BD,RTD
BD,ETN
HTO,RS
RS,OW
OW,O
O,RVS
RVS,WC
WC,NMD
NMD,NMGO
NMGO,NM
NM,NML
NM,NMH
NML,EST
EST,AHZ
EST,ZA
AHZ,AH
AH,AHP
AH,OTB
UTLR,UTT
UTT,VTN
VTN,WD
WD,GDG
GDG,GD
GD,LLZM
GD,WADT
GD,NWK
ALMP,ALMB
ALMB,ALMO
ALMO,LLS
LLS,DRON
BDPB,ZLW
ZLW,DDZD
ZLW,ZVB
DDZD,DDR
DDR,ZWD
DDR,DDRS
ASS,HWZB
ASS,ZD
ASS,ASDL
HWZB,HLMS
HLMS,HLM
HLM,BLL
HLM,HAD
BNK,DB
DB,ED
ED,EDC
ED,WF
ZD,ZDK
ZD,KZ
ZDK,PMW
PMW,PMR
PMR,PMO
PMO,HN
HN,OBD
KZ,ZZS
ZZS,WM
WM,KMA
KMA,UTG
UTG,CAS
UTG,HK
CAS,HLO
HLO,AMR
AMR,AMRN
RTD,SHL
RTD,RTB
RTD,RTN
RTD,SDM
AHP,AHPR
AHP,WTV
AHPR,VP
VP,RH
RH,DR
DR,BMN
BMN,ZP
ZP,DV
ZP,LC
ZP,VEM
ZP,VD
DV,OST
DV,DVC
DV,TWL
AMRN,HWD
HWD,SGN
HWD,OBD
SGN,ANA
ANA,HDRZ
HDRZ,HDR
ETN,RSD
RSD,BGN
RSD,ODB
BGN,RB
LLZM,ZTMO
ZTMO,ZTM
ZTM,YPB
YPB,VB
VB,GVC
GVC,LAA
GVC,GV
GP,HZE
HZE,MZ
MZ,WT
WT,RM
RM,EC
RM,SM
EC,SRN
SRN,STD
STD,LUT
STD,GLN
LUT,BK
BK,BDE
BDE,MT
MT,MTN
GLN,SBK
SBK,SN
SN,NH
NH,HB
HB,HRL
HRL,HRLW
APD,APDO
APD,APDM
OST,WH
WH,ZL
ZL,MP
ZL,KPNZ
ZL,HNO
ZL,DL
ZL,WZ
DVC,HON
HON,RSN
RSN,WDN
WDN,AML
WDN,NVD
AML,VZ
AML,AMRI
WTV,DVN
DVN,ZV
ZV,DID
DID,WL
WL,DTCH
DTCH,DTC
DTC,GDR
GDR,TBG
TBG,VSV
VSV,ATN
ATN,WW
WW,WWW
MP,HGV
MP,SWK
HGV,BL
BL,ASN
ASN,HRN
LC,GO
GO,DDN
DDN,HGLG
HGLG,HGL
HGL,ESK
HGL,BN
ESK,ES
SWK,WV
WV,HR
HR,AKM
AKM,GW
GW,LW
LW,LWC
HRN,GERP
GERP,GN
GN,ZH
RB,KBD
KBD,KRG
KRG,BZL
BZL,GS
GS,ARN
ARN,MDB
VZ,DA
DA,VHP
VHP,MRB
MRB,HDB
MRB,OMN
HDB,GBG
GBG,CO
CO,DLN
DLN,NAN
NAN,EMNZ
EMNZ,EMN
HK,BV
BV,DRH
DRH,SPTN
SPTN,SPTZ
SPTZ,BLL
HAD,HIL
HIL,VH
VH,LEDN
LEDN,DVNK
LEDN,LDL
LEDN,SSH
DVNK,VST
VST,GVM
GVM,LAA
LAA,GV
LDL,APN
APN,BSK
BSK,BSKS
BSKS,WADN
WADN,WAD
WAD,WADT
ASDL,SHL
SHL,ASDZ
SHL,HFD
ASSP,DMN
DMN,WP
WP,DMNZ
RTB,RTZ
RTZ,RLB
RLB,BRD
BRD,ZWD
HVL,BNN
BNN,BNC
BNC,BNZ
BNZ,LTN
LTN,EDC
ZVB,ODB
WF,OTB
DRON,KPNZ
APDO,TWL
HNO,RAT
RAT,NVD
APDM,KBK
KBK,VEM
VD,RL
RL,LTV
LTV,WWW
DL,OMN
AMRI,BN
NMH,MMLH
MMLH,CK
CK,BMR
BMR,VLB
VLB,VRY
VRY,BR
BR,VL
VL,TG
TG,RV
RV,SM
ZA,HMN
HMN,OP
OP,KTR
KTR,TL
TL,TPSW
BSD,LDM
LDM,AKL
AKL,GR
GR,BHDV
BHDV,GND
GND,HBZM
HBZM,SDT
SDT,SDTB
SDTB,DDRS
NWK,CPS
CPS,RTA
RTA,RTN
RAI,ASDZ
HFD,NVP
NVP,SSH
AMFS,AVAT
AVAT,NKK
NKK,PT
PT,EML
EML,HD
HD,NS
NS,HDE
HDE,WZ
SDM,DTCP
DTCP,DT
DT,RSW
RSW,GVMW
GVMW,GV
ZH,GK
GK,BP
BP,DWE
DWE,FWD
FWD,HDG
HDG,LWC
HRLW,VDL
VDL,KMR
KMR,SOG
SOG,VK
VK,SGL
SGL,MES
MES,MTN
